{"cameraMode":{"drawMode":0,"name":"Shaded","section":"Shading Mode"},"sceneLighting":false,"audioPlay":false,"sceneViewState":{"m_AlwaysRefresh":false,"showFog":true,"showSkybox":false,"showFlares":true,"showImageEffects":true,"showParticleSystems":true,"showVisualEffectGraphs":true,"m_FxEnabled":true},"in2DMode":false,"pivot":{"x":0.7173309326171875,"y":3.225494861602783,"z":-0.46539831161499026},"rotation":{"x":-0.13397935032844544,"y":0.6630537509918213,"z":-0.12228336930274964,"w":-0.7262937426567078},"size":1.744633674621582,"orthographic":true}