{"cameraMode":{"drawMode":0,"name":"Shaded","section":"Shading Mode"},"sceneLighting":false,"audioPlay":false,"sceneViewState":{"m_AlwaysRefresh":false,"showFog":true,"showSkybox":false,"showFlares":true,"showImageEffects":true,"showParticleSystems":true,"showVisualEffectGraphs":true,"m_FxEnabled":true},"in2DMode":false,"pivot":{"x":-0.02500000037252903,"y":0.02500002086162567,"z":-0.024999994784593583},"rotation":{"x":0.11723501980304718,"y":-0.481089323759079,"z":0.06509818881750107,"w":0.8663661479949951},"size":0.3218296468257904,"orthographic":true}